id,firstname,lastname,email,sessionName,roomNumber
100,Tarra,Jerald,Tarra.Jerald@yopmail.com,fGMytrFlV,4
101,Susan,Sprage,Susan.Sprage@yopmail.com,ZnZWl,567
102,Jolyn,Secrest,Jolyn.Secrest@yopmail.com,oeoujARNE,46
103,Tybie,Tippets,Tybie.Tippets@yopmail.com,dMjCQwPIZp,2
104,Sharlene,Madelene,Sharlene.Madelene@yopmail.com," EAHsh",678
105,Dede,Dunkin,Dede.Dunkin@yopmail.com,rWZkVLetyW,554
106,Gabi,Himelman,Gabi.Himelman@yopmail.com,MklSynYf P,9
107,Mahalia,Magdalen,Mahalia.Magdalen@yopmail.com,xdY A,5
108,Celene,Bashemeth,Celene.Bashemeth@yopmail.com," VelnYR",4
109,Lexine,Valerio,Lexine.Valerio@yopmail.com,ybhovlbjlo,1123
110,Hyacinthe,Sholley,Hyacinthe.Sholley@yopmail.com,UtMURqf,9987876
111,Hettie,Wesle,Hettie.Wesle@yopmail.com,YtpGgP,3343
112,Kylynn,Durante,Kylynn.Durante@yopmail.com,pLXiVhtysj,89
113,Madeleine,Destinee,Madeleine.Destinee@yopmail.com,qNFdJVGAnD,2
114,Nollie,Richers,Nollie.Richers@yopmail.com,TnAlrwRVY,2
115,Brietta,Parette,Brietta.Parette@yopmail.com,cUXEWImcV,765
116,Wynne,Codding,Wynne.Codding@yopmail.com,ggfCHdM,46
117,Mathilda,Lanita,Mathilda.Lanita@yopmail.com,oXoUYsKJZ,1123
118,Suzette,O'Rourke,Suzette.O'Rourke@yopmail.com,RNxpG,67
119,Karlee,Capello,Karlee.Capello@yopmail.com,nwQiAZ,678
120,Angela,Fillbert,Angela.Fillbert@yopmail.com,CLDdYUnled,678
121,Alameda,Thunell,Alameda.Thunell@yopmail.com,mkCkX,456
122,Farrah,Felizio,Farrah.Felizio@yopmail.com,NsVMHjQQ,56787867867
123,Latisha,Fry,Latisha.Fry@yopmail.com,znuzg,1
124,Ninnetta,Edison,Ninnetta.Edison@yopmail.com,osKoMWx,54
125,Maye,Angelis,Maye.Angelis@yopmail.com,TdERDntqhc,0
126,Misha,Leary,Misha.Leary@yopmail.com,fFaf zGD,6578
127,Chandra,Maxi,Chandra.Maxi@yopmail.com,tAduGMkjXi,765
128,Catharine,Lattie,Catharine.Lattie@yopmail.com,pYtRrqPgwx,5675
129,Jeanna,Rad,Jeanna.Rad@yopmail.com,iSxeFeyJGA,9
130,Heida,Schonfeld,Heida.Schonfeld@yopmail.com,ADwdwXZKA,89
131,Roslyn,Alexandr,Roslyn.Alexandr@yopmail.com,X ZkHV,9
132,Amelia,Waldron,Amelia.Waldron@yopmail.com,UtHMa,54
133,Kara-Lynn,Heisel,Kara-Lynn.Heisel@yopmail.com,"dTFs ",9
134,Marcy,Saint,Marcy.Saint@yopmail.com,sbUhjk,5678
135,Ketti,Simmonds,Ketti.Simmonds@yopmail.com,ckcCnu,5678768
136,Trudie,Mullane,Trudie.Mullane@yopmail.com,nWfjZnTkmm,1
137,Gloria,Cecile,Gloria.Cecile@yopmail.com,kXDNY,9
138,Kathi,Merell,Kathi.Merell@yopmail.com,cmAupYhUAV,6578
139,Selma,MacIntosh,Selma.MacIntosh@yopmail.com,rVaRXwIP,5
140,Rhoda,Brotherson,Rhoda.Brotherson@yopmail.com," kvazm",5
141,Delilah,Kirstin,Delilah.Kirstin@yopmail.com,lSvxbRle,56787867867
142,Philis,Lytton,Philis.Lytton@yopmail.com,sHLGlel,3
143,Livvyy,Pond,Livvyy.Pond@yopmail.com,BYQRH,567
144,Alia,Maribeth,Alia.Maribeth@yopmail.com,djWoWlgFMR,1123
145,Diena,Hylan,Diena.Hylan@yopmail.com,PGJREL,8
146,Corly,Jeanne,Corly.Jeanne@yopmail.com,fvgSIDhGFO,5
147,Wynne,Ranjiv,Wynne.Ranjiv@yopmail.com,WRxuPn,98769
148,Christian,Elephus,Christian.Elephus@yopmail.com,mFoAKg,567
149,Orsola,Decato,Orsola.Decato@yopmail.com,WeAYEBCXxi,6578
150,Marnia,Wildermuth,Marnia.Wildermuth@yopmail.com,STwSZaCu,54
151,Christy,Grobe,Christy.Grobe@yopmail.com,PDPJHxXFF,65768
152,Celestyna,Lasley,Celestyna.Lasley@yopmail.com,UVJSywj,46
153,Adriana,Genna,Adriana.Genna@yopmail.com,fTKVt,9987876
154,Shandie,Khorma,Shandie.Khorma@yopmail.com,EdmqR,7
155,Linet,Toor,Linet.Toor@yopmail.com,ceBXSz,5
156,Althea,Zuzana,Althea.Zuzana@yopmail.com,CGxKZ,6578
157,Elie,Danby,Elie.Danby@yopmail.com,dhtQEQLR,56756
158,Tomasina,Peg,Tomasina.Peg@yopmail.com,pPHiq,76898978
159,Andree,Scammon,Andree.Scammon@yopmail.com,WYmkSptKO,56756
160,Judy,Meli,Judy.Meli@yopmail.com,DGLIL,74
161,Cam,Dunkin,Cam.Dunkin@yopmail.com,yXpQUbY,4
162,Inga,Turne,Inga.Turne@yopmail.com,KHMuA,67
163,Doralynne,Latini,Doralynne.Latini@yopmail.com,ncfDw,5678
164,Odessa,Skurnik,Odessa.Skurnik@yopmail.com,DtdRFaAdDt,5678
165,Gusty,Emmaline,Gusty.Emmaline@yopmail.com," OPRa",1123
166,Kirstin,Quent,Kirstin.Quent@yopmail.com,YbJkeUmc,5678
167,Lila,Westphal,Lila.Westphal@yopmail.com,vfrhBaUl,67
168,Rani,Erskine,Rani.Erskine@yopmail.com,fauoZ,65768
169,Trudie,Robertson,Trudie.Robertson@yopmail.com,NIJfsM,8
170,Damaris,Liebermann,Damaris.Liebermann@yopmail.com,bgBQJ,766558
171,Linet,Brian,Linet.Brian@yopmail.com,KQTbLOnLQj,5546
172,Lolita,Jobi,Lolita.Jobi@yopmail.com,JiuXNap,67
173,Pollyanna,Cookie,Pollyanna.Cookie@yopmail.com,eZemeUKV,97898
174,Ekaterina,Viddah,Ekaterina.Viddah@yopmail.com,ayvwdCK,5678
175,Emmey,Shuler,Emmey.Shuler@yopmail.com,FbntFA,5678
176,Jessamyn,Zamora,Jessamyn.Zamora@yopmail.com,xoCeSUxhE,7
177,Abbie,Matthew,Abbie.Matthew@yopmail.com,jPMYhnQqV,0
178,Diena,Elo,Diena.Elo@yopmail.com,lhdmQI,5
179,Joane,Dimitris,Joane.Dimitris@yopmail.com,ysQVFJItg,74
180,Dyann,Fiann,Dyann.Fiann@yopmail.com,OdDPMyBAYF,98769
181,Edith,Weaks,Edith.Weaks@yopmail.com,GjBBx,5675
182,Sara-Ann,Byrne,Sara-Ann.Byrne@yopmail.com,qiOBMNZHAX,9878
183,Bettine,Taima,Bettine.Taima@yopmail.com,GMwlHBDp,87987786
184,Myrtice,Pulsifer,Myrtice.Pulsifer@yopmail.com,etAhc,5
185,Lynde,Tamsky,Lynde.Tamsky@yopmail.com,ekHCgpMl,456
186,Viki,Daegal,Viki.Daegal@yopmail.com,mCKkrcqCA,6578
187,Peri,Carey,Peri.Carey@yopmail.com,aqFFdMCT,1123
188,Margarette,Margarete,Margarette.Margarete@yopmail.com,ACMWGPNB,7
189,Vanessa,Marlie,Vanessa.Marlie@yopmail.com,FWLlnWw,9987876
190,Hyacinthe,Lindemann,Hyacinthe.Lindemann@yopmail.com,qxpSR,1
191,Mamie,Ricarda,Mamie.Ricarda@yopmail.com,njuhqKGsZT,87987786
192,Felice,Marsden,Felice.Marsden@yopmail.com,RoWyWEo,6578
193,Alexine,Salchunas,Alexine.Salchunas@yopmail.com,oHMDL,9878
194,Quintina,Haerr,Quintina.Haerr@yopmail.com," bGwHrVejQ",567
195,Cassandra,Nance,Cassandra.Nance@yopmail.com,ycxSNJFTYq,3343
196,Lexine,Ogren,Lexine.Ogren@yopmail.com,yBsxBKa,67
197,Sean,Gerge,Sean.Gerge@yopmail.com,gVvDSjau,765
198,Celestyna,Rona,Celestyna.Rona@yopmail.com,DUwiTxo,678
199,Ardeen,Kamaria,Ardeen.Kamaria@yopmail.com,vkUVX,65768
200,Gwenneth,Seligman,Gwenneth.Seligman@yopmail.com,YJnkaKQdP,678
201,Alameda,Doig,Alameda.Doig@yopmail.com,lCHfaWj,554
202,Tiffie,Radu,Tiffie.Radu@yopmail.com,VnoNWfwIs,567
203,Gisela,Thunell,Gisela.Thunell@yopmail.com,H JuK,5
204,Sheree,Love,Sheree.Love@yopmail.com,NwvYazm,456
205,Sabina,Othilia,Sabina.Othilia@yopmail.com,BRDJF,89
206,Lesly,Zrike,Lesly.Zrike@yopmail.com,VNhONF,9
207,Tori,Mayeda,Tori.Mayeda@yopmail.com,yObDwnKsS,98769
208,Lanae,Lauraine,Lanae.Lauraine@yopmail.com,GUsEDUazUk,76898978
209,Paulita,Ferrell,Paulita.Ferrell@yopmail.com,cUkJC,3343
210,Ethel,Matthew,Ethel.Matthew@yopmail.com,aMCYFpw H,8
211,Micheline,Bashemeth,Micheline.Bashemeth@yopmail.com,vSSTOnG,9
212,Magdalena,Granoff,Magdalena.Granoff@yopmail.com,ZxCAnZaHKm,1123
213,Halette,Kiersten,Halette.Kiersten@yopmail.com,UmXWa,9
214,Dyann,Arquit,Dyann.Arquit@yopmail.com,EMWAhlJTe,6578
215,Elka,Shields,Elka.Shields@yopmail.com,qjQsvQ,9
216,Nickie,Stover,Nickie.Stover@yopmail.com,RlvFme,6578
217,Jemie,Rubie,Jemie.Rubie@yopmail.com,HwmdI,98769
218,Aimil,Slifka,Aimil.Slifka@yopmail.com,RJPNI,56787867867
219,Annecorinne,Hilbert,Annecorinne.Hilbert@yopmail.com,rSEVukt,1
220,Gianina,Forrer,Gianina.Forrer@yopmail.com,TAKvIfYteK,7
221,Kenna,Saint,Kenna.Saint@yopmail.com,TfkpksEd,765
222,Nicoli,Screens,Nicoli.Screens@yopmail.com,"JWAsD ",9
223,Tina,Nickola,Tina.Nickola@yopmail.com,IJdkpD,74
224,Gloria,Glenden,Gloria.Glenden@yopmail.com," kqkVKWr",5546
225,Darlleen,Quinn,Darlleen.Quinn@yopmail.com,NrLcAjPIoG,0
226,Jillayne,Esmaria,Jillayne.Esmaria@yopmail.com,jqAcDO,766558
227,Nita,Tatianas,Nita.Tatianas@yopmail.com,JrpHOU,97898
228,Augustine,Kare,Augustine.Kare@yopmail.com,CcQQiHQ,678
229,Delilah,Faro,Delilah.Faro@yopmail.com,BUznm,76898978
230,Roz,Cleavland,Roz.Cleavland@yopmail.com,eSORvbqW,67
231,Steffane,Garrison,Steffane.Garrison@yopmail.com,bMiOB,456
232,Monika,Payson,Monika.Payson@yopmail.com,MfnvbKNvK,8
233,Ruthe,Tippets,Ruthe.Tippets@yopmail.com,aGnWUQ,9987876
234,Henriette,Colyer,Henriette.Colyer@yopmail.com,YDcru,2
235,Chere,Tiffa,Chere.Tiffa@yopmail.com,icFUm,67
236,Gerianna,Lilybelle,Gerianna.Lilybelle@yopmail.com,eZYuAwCZtw,5675
237,Helsa,Halla,Helsa.Halla@yopmail.com,GltMmi,89
238,Hannis,Hunfredo,Hannis.Hunfredo@yopmail.com," LcrmbB",74
239,Barbi,Bryna,Barbi.Bryna@yopmail.com,QPHpz,7
240,Dede,Pulsifer,Dede.Pulsifer@yopmail.com,JrhnNeXnu,5
241,Josephine,Prober,Josephine.Prober@yopmail.com,lUvgQ,3343
242,Morganica,Gemini,Morganica.Gemini@yopmail.com,ua VThfVLn,7
243,Kristan,Iiette,Kristan.Iiette@yopmail.com,ZAGlaX,5678768
244,Carolina,Glovsky,Carolina.Glovsky@yopmail.com,cioSqNVHlF,5
245,Kellen,Evangelia,Kellen.Evangelia@yopmail.com," mkTW",98769
246,Dania,Havens,Dania.Havens@yopmail.com,CQJceaCFoU,9
247,Renae,Smitt,Renae.Smitt@yopmail.com,JRmcpn,9987876
248,Deloria,Read,Deloria.Read@yopmail.com,OgUePldyk,9878
249,Marjie,Sasnett,Marjie.Sasnett@yopmail.com,QQKLxHIAE,98769
250,Marylou,Ricki,Marylou.Ricki@yopmail.com,yBBjjAz,65768
251,Mariann,Blisse,Mariann.Blisse@yopmail.com,nvscZv XPd,9987876
252,Roslyn,Sundin,Roslyn.Sundin@yopmail.com,RMUdFvDqE,46
253,Layla,Francene,Layla.Francene@yopmail.com,qNzPhMSn,1123
254,Teddie,Evvie,Teddie.Evvie@yopmail.com,WLsIvxbs,1123
255,Melodie,Kendrick,Melodie.Kendrick@yopmail.com,Lj P lKULi,9
256,Siana,Carvey,Siana.Carvey@yopmail.com,VeCYM,76898978
257,Giustina,Kellby,Giustina.Kellby@yopmail.com,oAY WtNsi,5
258,Kaja,Jary,Kaja.Jary@yopmail.com,axuGfyVT,4
259,Josephine,Carleen,Josephine.Carleen@yopmail.com,kZKnqyWa,56756
260,Olivette,Nedrud,Olivette.Nedrud@yopmail.com,GILqpGi,5675
261,Yetty,Adrienne,Yetty.Adrienne@yopmail.com,jwUVkIYFqC,74
262,Morganica,Ehrman,Morganica.Ehrman@yopmail.com,KhicHC,7
263,Lily,Rogerio,Lily.Rogerio@yopmail.com,gestBPW,456
264,Lauryn,Sinegold,Lauryn.Sinegold@yopmail.com,Mzvemzhe,5678
265,Priscilla,Geffner,Priscilla.Geffner@yopmail.com,zpSyvEQn,74
266,Amii,Raseda,Amii.Raseda@yopmail.com,LHHGBTL,766558
267,Cristabel,Ophelia,Cristabel.Ophelia@yopmail.com,CiLoCXmQQC,56787867867
268,Verla,Stephie,Verla.Stephie@yopmail.com,sKnVus,5675
269,Beverley,Raseda,Beverley.Raseda@yopmail.com,ytPeEI,5678
270,Grier,Francene,Grier.Francene@yopmail.com,wEtCub,5678768
271,Courtnay,Rona,Courtnay.Rona@yopmail.com,ejWzG,5678768
272,Johna,Chem,Johna.Chem@yopmail.com,POBBdu,56756
273,Heddie,Edison,Heddie.Edison@yopmail.com,YEmE l,9987876
274,Yvonne,Rodmann,Yvonne.Rodmann@yopmail.com,WTDEqc,5675
275,Vevay,Vale,Vevay.Vale@yopmail.com,iMKmjsB,554
276,Merci,Crudden,Merci.Crudden@yopmail.com,maspaQ,56787867867
277,Clementine,Bivins,Clementine.Bivins@yopmail.com,ephTzDDXL,8
278,Modestia,Urania,Modestia.Urania@yopmail.com,GSCgwLkzw,5675
279,Blake,Tjon,Blake.Tjon@yopmail.com,NOgMtQcPmT,89
280,Paule,Roarke,Paule.Roarke@yopmail.com,koppBMV,65768
281,Kellen,Kiersten,Kellen.Kiersten@yopmail.com,SEyGYk,3343
282,Vonny,Hartnett,Vonny.Hartnett@yopmail.com,JpQegdyZu,6759
283,Winny,Podvin,Winny.Podvin@yopmail.com,zSzsaPmZZe,0
284,Zondra,Aurelio,Zondra.Aurelio@yopmail.com,"mQnR ",0
285,Chastity,Rosemary,Chastity.Rosemary@yopmail.com,JKxdHskBSK,3
286,Hermione,Gombach,Hermione.Gombach@yopmail.com,eSGmVkvh,5546
287,Gratia,Lattie,Gratia.Lattie@yopmail.com,tESULk,3343
288,Chloris,Wiener,Chloris.Wiener@yopmail.com,KaiXUlfVR,65768
289,Carree,Cyrie,Carree.Cyrie@yopmail.com,npTMACZH,97898
290,Jennica,Pip,Jennica.Pip@yopmail.com,tkpIXeFVDC,54
291,Hettie,Sheng,Hettie.Sheng@yopmail.com,lwKZe,567
292,Agathe,Fredi,Agathe.Fredi@yopmail.com,foVsN,56787867867
293,Lacie,Naashom,Lacie.Naashom@yopmail.com," SFxiG",5675
294,Julieta,Colbert,Julieta.Colbert@yopmail.com,kefZikyHp,5675
295,Marti,Dominy,Marti.Dominy@yopmail.com,nBKRkLPDmK,9987876
296,Chloris,Harday,Chloris.Harday@yopmail.com,Q PEOCJAX,456
297,Lanna,Engdahl,Lanna.Engdahl@yopmail.com,worJxm,5678768
298,Jsandye,Myrilla,Jsandye.Myrilla@yopmail.com,LPVoOC,5678
299,Genovera,Fitzsimmons,Genovera.Fitzsimmons@yopmail.com,ZcLowBChW,6
300,Damaris,Nance,Damaris.Nance@yopmail.com,VjKbrWJ,678
301,Inga,Ball,Inga.Ball@yopmail.com,QASHuTyYaz,9
302,Janenna,Haymes,Janenna.Haymes@yopmail.com,jmrrD,74
303,Lucy,Raffo,Lucy.Raffo@yopmail.com,cmsGd,5
304,Gaylene,Ummersen,Gaylene.Ummersen@yopmail.com,MIxOrBmaq,765
305,Aimil,Ailyn,Aimil.Ailyn@yopmail.com,YWhVUWG,5546
306,Arabel,Alabaster,Arabel.Alabaster@yopmail.com,zSVCzZ O,9
307,Orsola,Sidonius,Orsola.Sidonius@yopmail.com,QXOjjhEVNu,2
308,Jessamyn,Redmond,Jessamyn.Redmond@yopmail.com,rqsEWLvN,98769
309,Leanna,Taima,Leanna.Taima@yopmail.com,f ZAmJey,678
310,Jennica,Bevin,Jennica.Bevin@yopmail.com,YOdncYSNm,3343
311,Ida,Corabella,Ida.Corabella@yopmail.com,SjTJnIV,2
312,Alexine,Poppy,Alexine.Poppy@yopmail.com,SUscpK,7
313,Wynne,Angelis,Wynne.Angelis@yopmail.com,BHTsJo,4
314,Starla,Cleavland,Starla.Cleavland@yopmail.com,hRUreW,456
315,Viki,Oscar,Viki.Oscar@yopmail.com,lvMBfKLJNE,46
316,Amii,Fleeta,Amii.Fleeta@yopmail.com,TibzfkSLc,46
317,Shirlee,Dawkins,Shirlee.Dawkins@yopmail.com,yFBQcfAGi,0
318,Gerrie,Kalinda,Gerrie.Kalinda@yopmail.com,ytVJgOFxo,1
319,Jaclyn,Mitzi,Jaclyn.Mitzi@yopmail.com,BLGaOzJ,9
320,Lanae,Roarke,Lanae.Roarke@yopmail.com,o wttwcj,89
321,Tera,Tristram,Tera.Tristram@yopmail.com,IgfGbDN,5678768
322,Mureil,Milde,Mureil.Milde@yopmail.com,xIyCeXLz,76898978
323,Jessy,Creamer,Jessy.Creamer@yopmail.com,xJBEkzodb,3343
324,Kate,Lesley,Kate.Lesley@yopmail.com,cfaWMbKA,2
325,Rebeca,Emmaline,Rebeca.Emmaline@yopmail.com,PpYAKy,87987786
326,Joane,Baylor,Joane.Baylor@yopmail.com,hQfYU,765
327,Brena,Colyer,Brena.Colyer@yopmail.com,Djtui,98769
328,Moyna,Gavrila,Moyna.Gavrila@yopmail.com,ogtaIK,765
329,Regina,Calhoun,Regina.Calhoun@yopmail.com,YphxGrDeJ,3
330,Jean,Alrich,Jean.Alrich@yopmail.com,FPioEVoe,65768
331,Ketti,Tiffa,Ketti.Tiffa@yopmail.com,OXqlO,2
332,Albertina,Gaynor,Albertina.Gaynor@yopmail.com,FcKqp,4
333,Ashlee,Decato,Ashlee.Decato@yopmail.com,Y fSpz,554
334,Shandie,Mitzi,Shandie.Mitzi@yopmail.com,OJYRPOa,9
335,Pamella,Tayib,Pamella.Tayib@yopmail.com,kLYXlGUS,7
336,Candy,Concha,Candy.Concha@yopmail.com,QiqYy,567
337,Nerta,Pacorro,Nerta.Pacorro@yopmail.com," OZbec T",5678768
338,Sue,Hutchison,Sue.Hutchison@yopmail.com,FSJOwxhZ,5546
339,Marinna,Concha,Marinna.Concha@yopmail.com,NdaMX,1
340,Linzy,Chaing,Linzy.Chaing@yopmail.com,fLiiisvQR,554
341,Alejandra,Caitlin,Alejandra.Caitlin@yopmail.com,ospsDhd,76898978
342,Eve,Morrill,Eve.Morrill@yopmail.com,zLjBINWi,5
343,Mamie,Kunin,Mamie.Kunin@yopmail.com,SzZd JioRj,54
344,Juliane,O'Rourke,Juliane.O'Rourke@yopmail.com,KpEUsKd,567
345,Dania,Haldas,Dania.Haldas@yopmail.com,IlMcbdsd,9
346,Celene,Lilybelle,Celene.Lilybelle@yopmail.com,TPgQEvhUIY,76898978
347,Fayre,Seligman,Fayre.Seligman@yopmail.com,WKyPgCXY,5546
348,Renae,Burnside,Renae.Burnside@yopmail.com,ywkTRINzB,9
349,Ana,Solitta,Ana.Solitta@yopmail.com,EEBpcawjw,87987786
350,Shel,Kosey,Shel.Kosey@yopmail.com,ppzIxgXGo,46
351,Stacey,Ahab,Stacey.Ahab@yopmail.com,BauNE,5
352,Teriann,Narton,Teriann.Narton@yopmail.com,GvrNzRYYJ,6
353,Barbi,Carbo,Barbi.Carbo@yopmail.com,ZQEOb,4
354,Ericka,Tybald,Ericka.Tybald@yopmail.com,NsCYc,65768
355,Helsa,Solitta,Helsa.Solitta@yopmail.com,LlSsVYJFw,98769
356,Sharai,Holbrook,Sharai.Holbrook@yopmail.com,IXvrWkRj,3343
357,Elmira,Mich,Elmira.Mich@yopmail.com,YsdaM,56756
358,Anestassia,Mayeda,Anestassia.Mayeda@yopmail.com,RrZrKhHOAn,3343
359,Demetris,Darrell,Demetris.Darrell@yopmail.com,zzfbru,6759
360,Gavrielle,Lowry,Gavrielle.Lowry@yopmail.com,MFhKOrHK,6759
361,Debee,Ciro,Debee.Ciro@yopmail.com,cdJnj,65768
362,Mariele,Buffum,Mariele.Buffum@yopmail.com,HozoJjnFY,3343
363,Jillayne,Grayce,Jillayne.Grayce@yopmail.com,hvlsF,0
364,Kylynn,Hanshaw,Kylynn.Hanshaw@yopmail.com,gDYtHSsr,1123
365,Tracey,Gregrory,Tracey.Gregrory@yopmail.com,lpKOqznM,0
366,Cam,Pitt,Cam.Pitt@yopmail.com,Kxw CildVp,9987876
367,Shirlee,Lane,Shirlee.Lane@yopmail.com,GgRjsENK,5
368,Jackie,Bari,Jackie.Bari@yopmail.com,jzenojlnmc,765
369,Annabela,Meter,Annabela.Meter@yopmail.com,DGHqbbC H,4
370,Micheline,Barney,Micheline.Barney@yopmail.com,"IxAlHpQW ",9
371,Fred,Ethban,Fred.Ethban@yopmail.com,hFcJCdFidH,4
372,Joceline,Garek,Joceline.Garek@yopmail.com,IGjiCIGXMO,766558
373,Helsa,Justinn,Helsa.Justinn@yopmail.com,COtM sxj,5675
374,Viki,Ralfston,Viki.Ralfston@yopmail.com,bHZdyBF,554
375,Clementine,Yusuk,Clementine.Yusuk@yopmail.com,GSJsilagN,4
376,Sara-Ann,Maurine,Sara-Ann.Maurine@yopmail.com,hBfTT,65768
377,Viki,Harned,Viki.Harned@yopmail.com,NaQcVdXeVi,65768
378,Kristan,Levey,Kristan.Levey@yopmail.com,AjxRaQ,678
379,Kenna,Kare,Kenna.Kare@yopmail.com,nhowhDxwKV,6
380,Morganica,Jorgan,Morganica.Jorgan@yopmail.com,SYmLGppDi,456
381,Fina,Winthorpe,Fina.Winthorpe@yopmail.com,KgLNdFkT,89
382,Anallese,Edee,Anallese.Edee@yopmail.com,fQKiJjB,765
383,Elvira,Khorma,Elvira.Khorma@yopmail.com,gbaIr,6759
384,Bibby,Wareing,Bibby.Wareing@yopmail.com,pAAJad,98769
385,Kate,McAdams,Kate.McAdams@yopmail.com,wGuuY,4
386,Ericka,Armanda,Ericka.Armanda@yopmail.com," PidazhKG",1123
387,Ursulina,Esmaria,Ursulina.Esmaria@yopmail.com,ErgYZFSs,5678768
388,Genevra,Philipp,Genevra.Philipp@yopmail.com,aWH Dftbi,8
389,Evaleen,Dorothy,Evaleen.Dorothy@yopmail.com,JrEwt,567
390,Sidoney,Merat,Sidoney.Merat@yopmail.com,cUCPOX,567
391,Concettina,Lemuela,Concettina.Lemuela@yopmail.com,yXCbZvx,9987876
392,Cherrita,Sadowski,Cherrita.Sadowski@yopmail.com,yvfqMu,8
393,Miquela,Calhoun,Miquela.Calhoun@yopmail.com,"NGGKoYDH ",9878
394,Ariela,Harned,Ariela.Harned@yopmail.com,c MZxmlbe,5678768
395,Kimberley,Seligman,Kimberley.Seligman@yopmail.com,S OEoSr,554
396,Alia,Yorick,Alia.Yorick@yopmail.com,DFBNGm,5675
397,Jasmina,Koziara,Jasmina.Koziara@yopmail.com,F GnFzfKV,765
398,Aurelie,Rad,Aurelie.Rad@yopmail.com,RbLlDdCx,98769
399,Edee,Iaverne,Edee.Iaverne@yopmail.com,IALUBS,5546
400,Kerrin,Agle,Kerrin.Agle@yopmail.com,TcKLJCoWzx,76898978
401,Farrah,Tatianas,Farrah.Tatianas@yopmail.com,jkRujOTuZ,87987786
402,Jorry,Cosenza,Jorry.Cosenza@yopmail.com,CGkCr,46
403,Tracey,Ader,Tracey.Ader@yopmail.com,CmWoMnPR,6578
404,Janenna,Hilbert,Janenna.Hilbert@yopmail.com,SOVWFrI,456
405,Oralee,Alarise,Oralee.Alarise@yopmail.com,jOFSvhHAgA,98769
406,Kary,Vastah,Kary.Vastah@yopmail.com,cw KINx,9987876
407,Collen,Angelis,Collen.Angelis@yopmail.com,GilsXanO,9
408,Aigneis,Schlosser,Aigneis.Schlosser@yopmail.com,JPIao,6
409,Lucy,Rhu,Lucy.Rhu@yopmail.com,vDhBi,65768
410,Kimberley,Lane,Kimberley.Lane@yopmail.com,GWapw,56787867867
411,Paule,Alice,Paule.Alice@yopmail.com,yYPxHZ,3
412,Katuscha,Westphal,Katuscha.Westphal@yopmail.com,Dhcqt,6
413,Aurore,Kauppi,Aurore.Kauppi@yopmail.com,CVyJf,6
414,Darci,Dearborn,Darci.Dearborn@yopmail.com,bZoAwhgc,456
415,Giustina,Odell,Giustina.Odell@yopmail.com,warNArj,7
416,Lilith,Voletta,Lilith.Voletta@yopmail.com,uixR wmi,5678
417,Morganica,Koziara,Morganica.Koziara@yopmail.com,TPboJKLoKM,9
418,Tobe,Ricki,Tobe.Ricki@yopmail.com,rdqkNzm,2
419,Laurene,Rossner,Laurene.Rossner@yopmail.com,mRQPuH,9
420,Kial,Lenny,Kial.Lenny@yopmail.com,vQYjH,9
421,Gusty,Anastatius,Gusty.Anastatius@yopmail.com,CuwuNdcY,554
422,Suzette,Goldina,Suzette.Goldina@yopmail.com,iP G YRXgt,6578
423,Kirstin,Herrera,Kirstin.Herrera@yopmail.com,CJRMTDUA,54
424,Lorenza,Seligman,Lorenza.Seligman@yopmail.com,hvthe,567
425,Claresta,Dudley,Claresta.Dudley@yopmail.com,pLmyqKajn,3343
426,Therine,Cullin,Therine.Cullin@yopmail.com,Z Nxtda,9878
427,Renae,Tillford,Renae.Tillford@yopmail.com,irlZI,1
428,Zaria,Kylander,Zaria.Kylander@yopmail.com,KBJXU,7
429,Catharine,Belldas,Catharine.Belldas@yopmail.com,hMkLrh,8
430,Trudie,Christine,Trudie.Christine@yopmail.com," XLMUQ",87987786
431,Alyssa,Sawtelle,Alyssa.Sawtelle@yopmail.com,vvUwu,765
432,Yvonne,Goddard,Yvonne.Goddard@yopmail.com,slMnOEhY,56787867867
433,Tori,Tomasina,Tori.Tomasina@yopmail.com,SwNBeVzv,74
434,Elora,Tamsky,Elora.Tamsky@yopmail.com,rKZIAQRqat,4
435,Marti,Alarise,Marti.Alarise@yopmail.com,MQGQQ,3343
436,Winifred,Gabrielli,Winifred.Gabrielli@yopmail.com,xgUoWGDPrI,9
437,Ezmeralda,Oriana,Ezmeralda.Oriana@yopmail.com," JsOSPQs",54
438,Glenda,Rubie,Glenda.Rubie@yopmail.com,uyxeLnjRM,56756
439,Vevay,Connelly,Vevay.Connelly@yopmail.com,"OfZgWRtkh ",76898978
440,Bernie,Artie,Bernie.Artie@yopmail.com,DUCyEbC,5678
441,Selia,Agle,Selia.Agle@yopmail.com,QkDyH,0
442,Lily,Martsen,Lily.Martsen@yopmail.com,ENrzjQX,1123
443,Nerta,Zetta,Nerta.Zetta@yopmail.com,dRfDB,6578
444,Katuscha,Cimbura,Katuscha.Cimbura@yopmail.com,brcNjlVpw,6578
445,Steffane,Posner,Steffane.Posner@yopmail.com,TxWGNE,5
446,Morganica,Penelopa,Morganica.Penelopa@yopmail.com," kuqAhP",5675
447,Rosaline,Malanie,Rosaline.Malanie@yopmail.com,ybhMBYi,7
448,Beverley,Deny,Beverley.Deny@yopmail.com,GYMpjU,6759
449,Addia,Prouty,Addia.Prouty@yopmail.com,J AWzRtH,54
450,Sheree,Ledah,Sheree.Ledah@yopmail.com,HxOgeZiTfL,74
451,Tatiania,Cath,Tatiania.Cath@yopmail.com,iojGOsxKM,9
452,Danika,Dowski,Danika.Dowski@yopmail.com," LvLCuBaa",89
453,Deane,Montgomery,Deane.Montgomery@yopmail.com,HiiJY,46
454,Jerry,Trey,Jerry.Trey@yopmail.com,eeirQ,0
455,Claresta,Alejoa,Claresta.Alejoa@yopmail.com,CBeSQh,554
456,Kary,Alfons,Kary.Alfons@yopmail.com,LAZIj,456
457,Jeanna,Boycey,Jeanna.Boycey@yopmail.com,goygVnRyt,766558
458,Fawne,Hilbert,Fawne.Hilbert@yopmail.com,xemquKrN,6
459,Aaren,Solitta,Aaren.Solitta@yopmail.com,jpcmbYD,5678
460,Wanda,Wildermuth,Wanda.Wildermuth@yopmail.com,vsJUopQb,1
461,Yvonne,Norrie,Yvonne.Norrie@yopmail.com,LIQrWnw,67
462,Jordan,Socha,Jordan.Socha@yopmail.com,yITBdUf,87987786
463,Susan,Sperling,Susan.Sperling@yopmail.com,oaSMC,67
464,Christy,Kress,Christy.Kress@yopmail.com,wKxAISuqpo,1
465,Chandra,Strephon,Chandra.Strephon@yopmail.com,LcyMmxj,5
466,Georgina,Terencio,Georgina.Terencio@yopmail.com,AQIYo,3
467,Margette,Bates,Margette.Bates@yopmail.com,BlOOQZ,76898978
468,Dari,Thar,Dari.Thar@yopmail.com,helIoRc xn,7
469,Riannon,Swigart,Riannon.Swigart@yopmail.com,JXskuCYKk,1123
470,Glenda,Dorothy,Glenda.Dorothy@yopmail.com,bwpZQtR,1
471,Lonnie,Hamil,Lonnie.Hamil@yopmail.com,QleAxG,1
472,Vanessa,Mandler,Vanessa.Mandler@yopmail.com,k JWn,567
473,Elise,Diann,Elise.Diann@yopmail.com,UyKVHMAW,766558
474,Georgetta,Natalia,Georgetta.Natalia@yopmail.com,jUrMkO,5675
475,Marita,Gahl,Marita.Gahl@yopmail.com,EQQuTMk,9
476,Netty,Danby,Netty.Danby@yopmail.com,tJAPFRAgA,5
477,Merry,Dosia,Merry.Dosia@yopmail.com,QpsmygW,7
478,Tressa,Ovid,Tressa.Ovid@yopmail.com,JsxvDnUg,5675
479,Marti,Margarete,Marti.Margarete@yopmail.com,SqCgTlF,8
480,Daphne,Seligman,Daphne.Seligman@yopmail.com,jYMdH,456
481,Teriann,Regan,Teriann.Regan@yopmail.com,aiTPpXc,65768
482,Ardenia,Wyn,Ardenia.Wyn@yopmail.com,TPiVH,97898
483,Berta,Estella,Berta.Estella@yopmail.com,NpIkE,554
484,Vivia,Bigner,Vivia.Bigner@yopmail.com,ERaqCXHLC,74
485,Lyssa,Kussell,Lyssa.Kussell@yopmail.com,kWfyadmuw,3343
486,Charmaine,Trey,Charmaine.Trey@yopmail.com,AqEBb,678
487,Mathilda,Eben,Mathilda.Eben@yopmail.com,ZDNoF,5546
488,Mildrid,Norvol,Mildrid.Norvol@yopmail.com,gwuHbpwGu,6
489,Edee,Beebe,Edee.Beebe@yopmail.com,LYnvMhF,9
490,Ofilia,Gerge,Ofilia.Gerge@yopmail.com,usejKjGQpF,6
491,Alia,Gusella,Alia.Gusella@yopmail.com,lKyox,554
492,Bill,Jerold,Bill.Jerold@yopmail.com,XuVIqf,5
493,Winny,Gombach,Winny.Gombach@yopmail.com,OpgRTivJLl,9
494,Dagmar,Middleton,Dagmar.Middleton@yopmail.com,ALXUZZ,2
495,Daphne,Helve,Daphne.Helve@yopmail.com,SNpOZu,9
496,Gwyneth,Jorgan,Gwyneth.Jorgan@yopmail.com,LayVdx,678
497,Abbie,Thilda,Abbie.Thilda@yopmail.com,kiARUsM,89
498,Sara-Ann,Rosalba,Sara-Ann.Rosalba@yopmail.com,rOYiJMC,56787867867
499,Isa,Eldrid,Isa.Eldrid@yopmail.com,dnLKpPRRZ,5
500,Candi,Alcott,Candi.Alcott@yopmail.com,hXFOAlhodR,98769